Ruta de la Imagen,Volumen perdido,
C:\Users\Sazun\OneDrive\Escritorio\Prueba Tecnica Intecol\Prueba 1\Propano\image(1).bmp,0,
C:\Users\Sazun\OneDrive\Escritorio\Prueba Tecnica Intecol\Prueba 1\Propano\image(2).bmp,0,
C:\Users\Sazun\OneDrive\Escritorio\Prueba Tecnica Intecol\Prueba 1\Propano\image(3).bmp,0,
C:\Users\Sazun\OneDrive\Escritorio\Prueba Tecnica Intecol\Prueba 1\Propano\image(4).bmp,0,
C:\Users\Sazun\OneDrive\Escritorio\Prueba Tecnica Intecol\Prueba 1\Propano\image(5).bmp,0,
C:\Users\Sazun\OneDrive\Escritorio\Prueba Tecnica Intecol\Prueba 1\Propano\image(6).bmp,0,
C:\Users\Sazun\OneDrive\Escritorio\Prueba Tecnica Intecol\Prueba 1\Propano\image(7).bmp,0,
C:\Users\Sazun\OneDrive\Escritorio\Prueba Tecnica Intecol\Prueba 1\Propano\image(8).bmp,0,
C:\Users\Sazun\OneDrive\Escritorio\Prueba Tecnica Intecol\Prueba 1\Propano\image(9).bmp,0,
C:\Users\Sazun\OneDrive\Escritorio\Prueba Tecnica Intecol\Prueba 1\Propano\image(10).bmp,0,
C:\Users\Sazun\OneDrive\Escritorio\Prueba Tecnica Intecol\Prueba 1\Propano\image(11).bmp,0,
C:\Users\Sazun\OneDrive\Escritorio\Prueba Tecnica Intecol\Prueba 1\Propano\image(12).bmp,0,
C:\Users\Sazun\OneDrive\Escritorio\Prueba Tecnica Intecol\Prueba 1\Propano\image(13).bmp,0,
C:\Users\Sazun\OneDrive\Escritorio\Prueba Tecnica Intecol\Prueba 1\Propano\image(14).bmp,0,
C:\Users\Sazun\OneDrive\Escritorio\Prueba Tecnica Intecol\Prueba 1\Propano\image(15).bmp,0,
C:\Users\Sazun\OneDrive\Escritorio\Prueba Tecnica Intecol\Prueba 1\Propano\image(16).bmp,0,
C:\Users\Sazun\OneDrive\Escritorio\Prueba Tecnica Intecol\Prueba 1\Propano\image(17).bmp,0,
C:\Users\Sazun\OneDrive\Escritorio\Prueba Tecnica Intecol\Prueba 1\Propano\image(18).bmp,0,
C:\Users\Sazun\OneDrive\Escritorio\Prueba Tecnica Intecol\Prueba 1\Propano\image(19).bmp,0,
C:\Users\Sazun\OneDrive\Escritorio\Prueba Tecnica Intecol\Prueba 1\Propano\image(20).bmp,0,
C:\Users\Sazun\OneDrive\Escritorio\Prueba Tecnica Intecol\Prueba 1\Propano\image(21).bmp,0,
C:\Users\Sazun\OneDrive\Escritorio\Prueba Tecnica Intecol\Prueba 1\Propano\image(22).bmp,5,
C:\Users\Sazun\OneDrive\Escritorio\Prueba Tecnica Intecol\Prueba 1\Propano\image(23).bmp,7.27035,
C:\Users\Sazun\OneDrive\Escritorio\Prueba Tecnica Intecol\Prueba 1\Propano\image(24).bmp,14.8046,
C:\Users\Sazun\OneDrive\Escritorio\Prueba Tecnica Intecol\Prueba 1\Propano\image(25).bmp,22.3614,
C:\Users\Sazun\OneDrive\Escritorio\Prueba Tecnica Intecol\Prueba 1\Propano\image(26).bmp,29.6792,
C:\Users\Sazun\OneDrive\Escritorio\Prueba Tecnica Intecol\Prueba 1\Propano\image(27).bmp,36.6105,
C:\Users\Sazun\OneDrive\Escritorio\Prueba Tecnica Intecol\Prueba 1\Propano\image(28).bmp,44.7594,
C:\Users\Sazun\OneDrive\Escritorio\Prueba Tecnica Intecol\Prueba 1\Propano\image(29).bmp,51.74855,
C:\Users\Sazun\OneDrive\Escritorio\Prueba Tecnica Intecol\Prueba 1\Propano\image(30).bmp,59.112,
C:\Users\Sazun\OneDrive\Escritorio\Prueba Tecnica Intecol\Prueba 1\Propano\image(31).bmp,66.95055,
C:\Users\Sazun\OneDrive\Escritorio\Prueba Tecnica Intecol\Prueba 1\Propano\image(32).bmp,73.9585,
C:\Users\Sazun\OneDrive\Escritorio\Prueba Tecnica Intecol\Prueba 1\Propano\image(33).bmp,81.7377,
C:\Users\Sazun\OneDrive\Escritorio\Prueba Tecnica Intecol\Prueba 1\Propano\image(34).bmp,89.4174,
C:\Users\Sazun\OneDrive\Escritorio\Prueba Tecnica Intecol\Prueba 1\Propano\image(35).bmp,96.83765,
C:\Users\Sazun\OneDrive\Escritorio\Prueba Tecnica Intecol\Prueba 1\Propano\image(36).bmp,103.5608,
C:\Users\Sazun\OneDrive\Escritorio\Prueba Tecnica Intecol\Prueba 1\Propano\image(37).bmp,112.1295,
C:\Users\Sazun\OneDrive\Escritorio\Prueba Tecnica Intecol\Prueba 1\Propano\image(38).bmp,119.4104,
C:\Users\Sazun\OneDrive\Escritorio\Prueba Tecnica Intecol\Prueba 1\Propano\image(39).bmp,127.04185,
C:\Users\Sazun\OneDrive\Escritorio\Prueba Tecnica Intecol\Prueba 1\Propano\image(40).bmp,134.7867,
C:\Users\Sazun\OneDrive\Escritorio\Prueba Tecnica Intecol\Prueba 1\Propano\image(41).bmp,141.721,
C:\Users\Sazun\OneDrive\Escritorio\Prueba Tecnica Intecol\Prueba 1\Propano\image(42).bmp,148.563,
C:\Users\Sazun\OneDrive\Escritorio\Prueba Tecnica Intecol\Prueba 1\Propano\image(43).bmp,155.17425,
C:\Users\Sazun\OneDrive\Escritorio\Prueba Tecnica Intecol\Prueba 1\Propano\image(44).bmp,163.3203,
C:\Users\Sazun\OneDrive\Escritorio\Prueba Tecnica Intecol\Prueba 1\Propano\image(45).bmp,171.01305,
C:\Users\Sazun\OneDrive\Escritorio\Prueba Tecnica Intecol\Prueba 1\Propano\image(46).bmp,178.3464,
C:\Users\Sazun\OneDrive\Escritorio\Prueba Tecnica Intecol\Prueba 1\Propano\image(47).bmp,184.9725,
C:\Users\Sazun\OneDrive\Escritorio\Prueba Tecnica Intecol\Prueba 1\Propano\image(48).bmp,193.3698,
C:\Users\Sazun\OneDrive\Escritorio\Prueba Tecnica Intecol\Prueba 1\Propano\image(49).bmp,199.70685,
C:\Users\Sazun\OneDrive\Escritorio\Prueba Tecnica Intecol\Prueba 1\Propano\image(50).bmp,207.6564,
C:\Users\Sazun\OneDrive\Escritorio\Prueba Tecnica Intecol\Prueba 1\Propano\image(51).bmp,215.4874,
C:\Users\Sazun\OneDrive\Escritorio\Prueba Tecnica Intecol\Prueba 1\Propano\image(52).bmp,221.2095,
C:\Users\Sazun\OneDrive\Escritorio\Prueba Tecnica Intecol\Prueba 1\Propano\image(53).bmp,228.05925,
C:\Users\Sazun\OneDrive\Escritorio\Prueba Tecnica Intecol\Prueba 1\Propano\image(54).bmp,236.8768,
C:\Users\Sazun\OneDrive\Escritorio\Prueba Tecnica Intecol\Prueba 1\Propano\image(55).bmp,245.44245,
C:\Users\Sazun\OneDrive\Escritorio\Prueba Tecnica Intecol\Prueba 1\Propano\image(56).bmp,251.6476,
C:\Users\Sazun\OneDrive\Escritorio\Prueba Tecnica Intecol\Prueba 1\Propano\image(57).bmp,259.67725,
C:\Users\Sazun\OneDrive\Escritorio\Prueba Tecnica Intecol\Prueba 1\Propano\image(58).bmp,266.7726,
C:\Users\Sazun\OneDrive\Escritorio\Prueba Tecnica Intecol\Prueba 1\Propano\image(59).bmp,273.6705,
C:\Users\Sazun\OneDrive\Escritorio\Prueba Tecnica Intecol\Prueba 1\Propano\image(60).bmp,280.0353,
C:\Users\Sazun\OneDrive\Escritorio\Prueba Tecnica Intecol\Prueba 1\Propano\image(61).bmp,287.6133,
C:\Users\Sazun\OneDrive\Escritorio\Prueba Tecnica Intecol\Prueba 1\Propano\image(62).bmp,296.35,
C:\Users\Sazun\OneDrive\Escritorio\Prueba Tecnica Intecol\Prueba 1\Propano\image(63).bmp,301.9486,
C:\Users\Sazun\OneDrive\Escritorio\Prueba Tecnica Intecol\Prueba 1\Propano\image(64).bmp,309.2712,
C:\Users\Sazun\OneDrive\Escritorio\Prueba Tecnica Intecol\Prueba 1\Propano\image(65).bmp,317.5851,
C:\Users\Sazun\OneDrive\Escritorio\Prueba Tecnica Intecol\Prueba 1\Propano\image(66).bmp,326.2116,
C:\Users\Sazun\OneDrive\Escritorio\Prueba Tecnica Intecol\Prueba 1\Propano\image(67).bmp,334.7685,
C:\Users\Sazun\OneDrive\Escritorio\Prueba Tecnica Intecol\Prueba 1\Propano\image(68).bmp,342.3734,
C:\Users\Sazun\OneDrive\Escritorio\Prueba Tecnica Intecol\Prueba 1\Propano\image(69).bmp,348.5896,
C:\Users\Sazun\OneDrive\Escritorio\Prueba Tecnica Intecol\Prueba 1\Propano\image(70).bmp,356.8032,
C:\Users\Sazun\OneDrive\Escritorio\Prueba Tecnica Intecol\Prueba 1\Propano\image(71).bmp,363.5604,
C:\Users\Sazun\OneDrive\Escritorio\Prueba Tecnica Intecol\Prueba 1\Propano\image(72).bmp,368.75,
C:\Users\Sazun\OneDrive\Escritorio\Prueba Tecnica Intecol\Prueba 1\Propano\image(73).bmp,377.41275,
C:\Users\Sazun\OneDrive\Escritorio\Prueba Tecnica Intecol\Prueba 1\Propano\image(74).bmp,383.136,
C:\Users\Sazun\OneDrive\Escritorio\Prueba Tecnica Intecol\Prueba 1\Propano\image(75).bmp,393.3448,
C:\Users\Sazun\OneDrive\Escritorio\Prueba Tecnica Intecol\Prueba 1\Propano\image(76).bmp,400.2183,
C:\Users\Sazun\OneDrive\Escritorio\Prueba Tecnica Intecol\Prueba 1\Propano\image(77).bmp,406.23825,
C:\Users\Sazun\OneDrive\Escritorio\Prueba Tecnica Intecol\Prueba 1\Propano\image(78).bmp,412.9328,
C:\Users\Sazun\OneDrive\Escritorio\Prueba Tecnica Intecol\Prueba 1\Propano\image(79).bmp,420.51465,
C:\Users\Sazun\OneDrive\Escritorio\Prueba Tecnica Intecol\Prueba 1\Propano\image(80).bmp,428.968,
C:\Users\Sazun\OneDrive\Escritorio\Prueba Tecnica Intecol\Prueba 1\Propano\image(81).bmp,438.4467,
C:\Users\Sazun\OneDrive\Escritorio\Prueba Tecnica Intecol\Prueba 1\Propano\image(82).bmp,444.492,
C:\Users\Sazun\OneDrive\Escritorio\Prueba Tecnica Intecol\Prueba 1\Propano\image(83).bmp,451.26275,
C:\Users\Sazun\OneDrive\Escritorio\Prueba Tecnica Intecol\Prueba 1\Propano\image(84).bmp,457.188,
C:\Users\Sazun\OneDrive\Escritorio\Prueba Tecnica Intecol\Prueba 1\Propano\image(85).bmp,470.41785,
C:\Users\Sazun\OneDrive\Escritorio\Prueba Tecnica Intecol\Prueba 1\Propano\image(86).bmp,476.6144,
C:\Users\Sazun\OneDrive\Escritorio\Prueba Tecnica Intecol\Prueba 1\Propano\image(87).bmp,480.727,
C:\Users\Sazun\OneDrive\Escritorio\Prueba Tecnica Intecol\Prueba 1\Propano\image(88).bmp,489.0237,
C:\Users\Sazun\OneDrive\Escritorio\Prueba Tecnica Intecol\Prueba 1\Propano\image(89).bmp,499.2974,
C:\Users\Sazun\OneDrive\Escritorio\Prueba Tecnica Intecol\Prueba 1\Propano\image(90).bmp,500.497,
C:\Users\Sazun\OneDrive\Escritorio\Prueba Tecnica Intecol\Prueba 1\Propano\image(91).bmp,509.67195,
C:\Users\Sazun\OneDrive\Escritorio\Prueba Tecnica Intecol\Prueba 1\Propano\image(92).bmp,520.1665,
C:\Users\Sazun\OneDrive\Escritorio\Prueba Tecnica Intecol\Prueba 1\Propano\image(93).bmp,529.57125,
C:\Users\Sazun\OneDrive\Escritorio\Prueba Tecnica Intecol\Prueba 1\Propano\image(94).bmp,534.5532,
C:\Users\Sazun\OneDrive\Escritorio\Prueba Tecnica Intecol\Prueba 1\Propano\image(95).bmp,543.91205,
C:\Users\Sazun\OneDrive\Escritorio\Prueba Tecnica Intecol\Prueba 1\Propano\image(96).bmp,553.9011,
C:\Users\Sazun\OneDrive\Escritorio\Prueba Tecnica Intecol\Prueba 1\Propano\image(97).bmp,562.0575,
C:\Users\Sazun\OneDrive\Escritorio\Prueba Tecnica Intecol\Prueba 1\Propano\image(98).bmp,566.8308,
C:\Users\Sazun\OneDrive\Escritorio\Prueba Tecnica Intecol\Prueba 1\Propano\image(99).bmp,574.9821,
C:\Users\Sazun\OneDrive\Escritorio\Prueba Tecnica Intecol\Prueba 1\Propano\image(100).bmp,580.7997,
C:\Users\Sazun\OneDrive\Escritorio\Prueba Tecnica Intecol\Prueba 1\Propano\image(101).bmp,586.2511,
C:\Users\Sazun\OneDrive\Escritorio\Prueba Tecnica Intecol\Prueba 1\Propano\image(102).bmp,592.72,
C:\Users\Sazun\OneDrive\Escritorio\Prueba Tecnica Intecol\Prueba 1\Propano\image(103).bmp,603.64035,
C:\Users\Sazun\OneDrive\Escritorio\Prueba Tecnica Intecol\Prueba 1\Propano\image(104).bmp,605.6151,
C:\Users\Sazun\OneDrive\Escritorio\Prueba Tecnica Intecol\Prueba 1\Propano\image(105).bmp,618.48695,
C:\Users\Sazun\OneDrive\Escritorio\Prueba Tecnica Intecol\Prueba 1\Propano\image(106).bmp,620.7894,
C:\Users\Sazun\OneDrive\Escritorio\Prueba Tecnica Intecol\Prueba 1\Propano\image(107).bmp,630.42375,
C:\Users\Sazun\OneDrive\Escritorio\Prueba Tecnica Intecol\Prueba 1\Propano\image(108).bmp,637.5696,
C:\Users\Sazun\OneDrive\Escritorio\Prueba Tecnica Intecol\Prueba 1\Propano\image(109).bmp,648.1848,
C:\Users\Sazun\OneDrive\Escritorio\Prueba Tecnica Intecol\Prueba 1\Propano\image(110).bmp,655.6528,
C:\Users\Sazun\OneDrive\Escritorio\Prueba Tecnica Intecol\Prueba 1\Propano\image(111).bmp,658.28405,
C:\Users\Sazun\OneDrive\Escritorio\Prueba Tecnica Intecol\Prueba 1\Propano\image(112).bmp,668.9205,
C:\Users\Sazun\OneDrive\Escritorio\Prueba Tecnica Intecol\Prueba 1\Propano\image(113).bmp,674.0279,
C:\Users\Sazun\OneDrive\Escritorio\Prueba Tecnica Intecol\Prueba 1\Propano\image(114).bmp,676.5128,
C:\Users\Sazun\OneDrive\Escritorio\Prueba Tecnica Intecol\Prueba 1\Propano\image(115).bmp,692.6361,
C:\Users\Sazun\OneDrive\Escritorio\Prueba Tecnica Intecol\Prueba 1\Propano\image(116).bmp,700.2389,
C:\Users\Sazun\OneDrive\Escritorio\Prueba Tecnica Intecol\Prueba 1\Propano\image(117).bmp,709.31275,
C:\Users\Sazun\OneDrive\Escritorio\Prueba Tecnica Intecol\Prueba 1\Propano\image(118).bmp,714.9984,
C:\Users\Sazun\OneDrive\Escritorio\Prueba Tecnica Intecol\Prueba 1\Propano\image(119).bmp,718.1977,
C:\Users\Sazun\OneDrive\Escritorio\Prueba Tecnica Intecol\Prueba 1\Propano\image(120).bmp,726.5132,
C:\Users\Sazun\OneDrive\Escritorio\Prueba Tecnica Intecol\Prueba 1\Propano\image(121).bmp,740.8962,
C:\Users\Sazun\OneDrive\Escritorio\Prueba Tecnica Intecol\Prueba 1\Propano\image(122).bmp,748.55,
C:\Users\Sazun\OneDrive\Escritorio\Prueba Tecnica Intecol\Prueba 1\Propano\image(123).bmp,754.3791,
C:\Users\Sazun\OneDrive\Escritorio\Prueba Tecnica Intecol\Prueba 1\Propano\image(124).bmp,761.7921,
C:\Users\Sazun\OneDrive\Escritorio\Prueba Tecnica Intecol\Prueba 1\Propano\image(125).bmp,770.9138,
C:\Users\Sazun\OneDrive\Escritorio\Prueba Tecnica Intecol\Prueba 1\Propano\image(126).bmp,773.6092,
C:\Users\Sazun\OneDrive\Escritorio\Prueba Tecnica Intecol\Prueba 1\Propano\image(127).bmp,783.8775,
C:\Users\Sazun\OneDrive\Escritorio\Prueba Tecnica Intecol\Prueba 1\Propano\image(128).bmp,784.3523,
C:\Users\Sazun\OneDrive\Escritorio\Prueba Tecnica Intecol\Prueba 1\Propano\image(129).bmp,788.5151,
C:\Users\Sazun\OneDrive\Escritorio\Prueba Tecnica Intecol\Prueba 1\Propano\image(130).bmp,803.8278,
C:\Users\Sazun\OneDrive\Escritorio\Prueba Tecnica Intecol\Prueba 1\Propano\image(131).bmp,806.48555,
C:\Users\Sazun\OneDrive\Escritorio\Prueba Tecnica Intecol\Prueba 1\Propano\image(132).bmp,814.6985,
C:\Users\Sazun\OneDrive\Escritorio\Prueba Tecnica Intecol\Prueba 1\Propano\image(133).bmp,825.56805,
C:\Users\Sazun\OneDrive\Escritorio\Prueba Tecnica Intecol\Prueba 1\Propano\image(134).bmp,837.7264,
C:\Users\Sazun\OneDrive\Escritorio\Prueba Tecnica Intecol\Prueba 1\Propano\image(135).bmp,842.38675,
C:\Users\Sazun\OneDrive\Escritorio\Prueba Tecnica Intecol\Prueba 1\Propano\image(136).bmp,843.9306,
C:\Users\Sazun\OneDrive\Escritorio\Prueba Tecnica Intecol\Prueba 1\Propano\image(137).bmp,855.83,
C:\Users\Sazun\OneDrive\Escritorio\Prueba Tecnica Intecol\Prueba 1\Propano\image(138).bmp,862.547,
C:\Users\Sazun\OneDrive\Escritorio\Prueba Tecnica Intecol\Prueba 1\Propano\image(139).bmp,866.74185,
C:\Users\Sazun\OneDrive\Escritorio\Prueba Tecnica Intecol\Prueba 1\Propano\image(140).bmp,879.1708,
C:\Users\Sazun\OneDrive\Escritorio\Prueba Tecnica Intecol\Prueba 1\Propano\image(141).bmp,885.122,
C:\Users\Sazun\OneDrive\Escritorio\Prueba Tecnica Intecol\Prueba 1\Propano\image(142).bmp,897.018,
C:\Users\Sazun\OneDrive\Escritorio\Prueba Tecnica Intecol\Prueba 1\Propano\image(143).bmp,901.0749,
C:\Users\Sazun\OneDrive\Escritorio\Prueba Tecnica Intecol\Prueba 1\Propano\image(144).bmp,915.0854,
C:\Users\Sazun\OneDrive\Escritorio\Prueba Tecnica Intecol\Prueba 1\Propano\image(145).bmp,915.79035,
C:\Users\Sazun\OneDrive\Escritorio\Prueba Tecnica Intecol\Prueba 1\Propano\image(146).bmp,919.026,
C:\Users\Sazun\OneDrive\Escritorio\Prueba Tecnica Intecol\Prueba 1\Propano\image(147).bmp,933.0375,
C:\Users\Sazun\OneDrive\Escritorio\Prueba Tecnica Intecol\Prueba 1\Propano\image(148).bmp,942.0705,
C:\Users\Sazun\OneDrive\Escritorio\Prueba Tecnica Intecol\Prueba 1\Propano\image(149).bmp,946.08015,
C:\Users\Sazun\OneDrive\Escritorio\Prueba Tecnica Intecol\Prueba 1\Propano\image(150).bmp,946.8864,
C:\Users\Sazun\OneDrive\Escritorio\Prueba Tecnica Intecol\Prueba 1\Propano\image(151).bmp,964.20405,
C:\Users\Sazun\OneDrive\Escritorio\Prueba Tecnica Intecol\Prueba 1\Propano\image(152).bmp,965.9065,
C:\Users\Sazun\OneDrive\Escritorio\Prueba Tecnica Intecol\Prueba 1\Propano\image(153).bmp,974.0112,
C:\Users\Sazun\OneDrive\Escritorio\Prueba Tecnica Intecol\Prueba 1\Propano\image(154).bmp,980.9184,
C:\Users\Sazun\OneDrive\Escritorio\Prueba Tecnica Intecol\Prueba 1\Propano\image(155).bmp,987.67795,
C:\Users\Sazun\OneDrive\Escritorio\Prueba Tecnica Intecol\Prueba 1\Propano\image(156).bmp,996.5111,
C:\Users\Sazun\OneDrive\Escritorio\Prueba Tecnica Intecol\Prueba 1\Propano\image(157).bmp,1003.671,
C:\Users\Sazun\OneDrive\Escritorio\Prueba Tecnica Intecol\Prueba 1\Propano\image(158).bmp,1011.8604,
C:\Users\Sazun\OneDrive\Escritorio\Prueba Tecnica Intecol\Prueba 1\Propano\image(159).bmp,1023.3078,
C:\Users\Sazun\OneDrive\Escritorio\Prueba Tecnica Intecol\Prueba 1\Propano\image(160).bmp,1026.4026,
C:\Users\Sazun\OneDrive\Escritorio\Prueba Tecnica Intecol\Prueba 1\Propano\image(161).bmp,1030.0595,
C:\Users\Sazun\OneDrive\Escritorio\Prueba Tecnica Intecol\Prueba 1\Propano\image(162).bmp,1046.647,
C:\Users\Sazun\OneDrive\Escritorio\Prueba Tecnica Intecol\Prueba 1\Propano\image(163).bmp,1054.63065,
C:\Users\Sazun\OneDrive\Escritorio\Prueba Tecnica Intecol\Prueba 1\Propano\image(164).bmp,1061.8476,
C:\Users\Sazun\OneDrive\Escritorio\Prueba Tecnica Intecol\Prueba 1\Propano\image(165).bmp,1070.36215,
C:\Users\Sazun\OneDrive\Escritorio\Prueba Tecnica Intecol\Prueba 1\Propano\image(166).bmp,1078.9704,
C:\Users\Sazun\OneDrive\Escritorio\Prueba Tecnica Intecol\Prueba 1\Propano\image(167).bmp,1088.46425,
C:\Users\Sazun\OneDrive\Escritorio\Prueba Tecnica Intecol\Prueba 1\Propano\image(168).bmp,1095.6789,
C:\Users\Sazun\OneDrive\Escritorio\Prueba Tecnica Intecol\Prueba 1\Propano\image(169).bmp,1099.44975,
C:\Users\Sazun\OneDrive\Escritorio\Prueba Tecnica Intecol\Prueba 1\Propano\image(170).bmp,1110.1258,
C:\Users\Sazun\OneDrive\Escritorio\Prueba Tecnica Intecol\Prueba 1\Propano\image(171).bmp,1114.14005,
C:\Users\Sazun\OneDrive\Escritorio\Prueba Tecnica Intecol\Prueba 1\Propano\image(172).bmp,1113.1725,
C:\Users\Sazun\OneDrive\Escritorio\Prueba Tecnica Intecol\Prueba 1\Propano\image(173).bmp,1126.1278,
C:\Users\Sazun\OneDrive\Escritorio\Prueba Tecnica Intecol\Prueba 1\Propano\image(174).bmp,1141.2312,
C:\Users\Sazun\OneDrive\Escritorio\Prueba Tecnica Intecol\Prueba 1\Propano\image(175).bmp,1147.6683,
C:\Users\Sazun\OneDrive\Escritorio\Prueba Tecnica Intecol\Prueba 1\Propano\image(176).bmp,1152.9672,
C:\Users\Sazun\OneDrive\Escritorio\Prueba Tecnica Intecol\Prueba 1\Propano\image(177).bmp,1155.26925,
C:\Users\Sazun\OneDrive\Escritorio\Prueba Tecnica Intecol\Prueba 1\Propano\image(178).bmp,1167.1842,
C:\Users\Sazun\OneDrive\Escritorio\Prueba Tecnica Intecol\Prueba 1\Propano\image(179).bmp,1175.2392,
C:\Users\Sazun\OneDrive\Escritorio\Prueba Tecnica Intecol\Prueba 1\Propano\image(180).bmp,1181.7689,
C:\Users\Sazun\OneDrive\Escritorio\Prueba Tecnica Intecol\Prueba 1\Propano\image(181).bmp,1193.49375,
C:\Users\Sazun\OneDrive\Escritorio\Prueba Tecnica Intecol\Prueba 1\Propano\image(182).bmp,1193.512,
C:\Users\Sazun\OneDrive\Escritorio\Prueba Tecnica Intecol\Prueba 1\Propano\image(183).bmp,1207.6932,
C:\Users\Sazun\OneDrive\Escritorio\Prueba Tecnica Intecol\Prueba 1\Propano\image(184).bmp,1212.6105,
C:\Users\Sazun\OneDrive\Escritorio\Prueba Tecnica Intecol\Prueba 1\Propano\image(185).bmp,1221.6687,
C:\Users\Sazun\OneDrive\Escritorio\Prueba Tecnica Intecol\Prueba 1\Propano\image(186).bmp,1231.7712,
C:\Users\Sazun\OneDrive\Escritorio\Prueba Tecnica Intecol\Prueba 1\Propano\image(187).bmp,1237.731,
C:\Users\Sazun\OneDrive\Escritorio\Prueba Tecnica Intecol\Prueba 1\Propano\image(188).bmp,1245.9296,
C:\Users\Sazun\OneDrive\Escritorio\Prueba Tecnica Intecol\Prueba 1\Propano\image(189).bmp,1250.496,
C:\Users\Sazun\OneDrive\Escritorio\Prueba Tecnica Intecol\Prueba 1\Propano\image(190).bmp,1257.858,
C:\Users\Sazun\OneDrive\Escritorio\Prueba Tecnica Intecol\Prueba 1\Propano\image(191).bmp,1263.48625,
C:\Users\Sazun\OneDrive\Escritorio\Prueba Tecnica Intecol\Prueba 1\Propano\image(192).bmp,1271.141,
C:\Users\Sazun\OneDrive\Escritorio\Prueba Tecnica Intecol\Prueba 1\Propano\image(193).bmp,1275.0444,
C:\Users\Sazun\OneDrive\Escritorio\Prueba Tecnica Intecol\Prueba 1\Propano\image(194).bmp,1277.4182,
C:\Users\Sazun\OneDrive\Escritorio\Prueba Tecnica Intecol\Prueba 1\Propano\image(195).bmp,1295.24235,
C:\Users\Sazun\OneDrive\Escritorio\Prueba Tecnica Intecol\Prueba 1\Propano\image(196).bmp,1301.9376,
C:\Users\Sazun\OneDrive\Escritorio\Prueba Tecnica Intecol\Prueba 1\Propano\image(197).bmp,1302.21,
C:\Users\Sazun\OneDrive\Escritorio\Prueba Tecnica Intecol\Prueba 1\Propano\image(198).bmp,1315.292,
C:\Users\Sazun\OneDrive\Escritorio\Prueba Tecnica Intecol\Prueba 1\Propano\image(199).bmp,1329.3585,
C:\Users\Sazun\OneDrive\Escritorio\Prueba Tecnica Intecol\Prueba 1\Propano\image(200).bmp,1327.5151,
C:\Users\Sazun\OneDrive\Escritorio\Prueba Tecnica Intecol\Prueba 1\Propano\image(201).bmp,1340.3699,
C:\Users\Sazun\OneDrive\Escritorio\Prueba Tecnica Intecol\Prueba 1\Propano\image(202).bmp,1341.261,
C:\Users\Sazun\OneDrive\Escritorio\Prueba Tecnica Intecol\Prueba 1\Propano\image(203).bmp,1350.75775,
C:\Users\Sazun\OneDrive\Escritorio\Prueba Tecnica Intecol\Prueba 1\Propano\image(204).bmp,1363.0708,
C:\Users\Sazun\OneDrive\Escritorio\Prueba Tecnica Intecol\Prueba 1\Propano\image(205).bmp,1365.07935,
C:\Users\Sazun\OneDrive\Escritorio\Prueba Tecnica Intecol\Prueba 1\Propano\image(206).bmp,1372.2168,
C:\Users\Sazun\OneDrive\Escritorio\Prueba Tecnica Intecol\Prueba 1\Propano\image(207).bmp,1383.79075,
C:\Users\Sazun\OneDrive\Escritorio\Prueba Tecnica Intecol\Prueba 1\Propano\image(208).bmp,1391.4009,
C:\Users\Sazun\OneDrive\Escritorio\Prueba Tecnica Intecol\Prueba 1\Propano\image(209).bmp,1397.08635,
C:\Users\Sazun\OneDrive\Escritorio\Prueba Tecnica Intecol\Prueba 1\Propano\image(210).bmp,1397.357,
C:\Users\Sazun\OneDrive\Escritorio\Prueba Tecnica Intecol\Prueba 1\Propano\image(211).bmp,1401.6618,
C:\Users\Sazun\OneDrive\Escritorio\Prueba Tecnica Intecol\Prueba 1\Propano\image(212).bmp,1409.3535,
C:\Users\Sazun\OneDrive\Escritorio\Prueba Tecnica Intecol\Prueba 1\Propano\image(213).bmp,1421.9568,
C:\Users\Sazun\OneDrive\Escritorio\Prueba Tecnica Intecol\Prueba 1\Propano\image(214).bmp,1424.496,
C:\Users\Sazun\OneDrive\Escritorio\Prueba Tecnica Intecol\Prueba 1\Propano\image(215).bmp,1427.72715,
C:\Users\Sazun\OneDrive\Escritorio\Prueba Tecnica Intecol\Prueba 1\Propano\image(216).bmp,1439.4218,
C:\Users\Sazun\OneDrive\Escritorio\Prueba Tecnica Intecol\Prueba 1\Propano\image(217).bmp,1450.137,
C:\Users\Sazun\OneDrive\Escritorio\Prueba Tecnica Intecol\Prueba 1\Propano\image(218).bmp,1454.2122,
C:\Users\Sazun\OneDrive\Escritorio\Prueba Tecnica Intecol\Prueba 1\Propano\image(219).bmp,1469.98445,
C:\Users\Sazun\OneDrive\Escritorio\Prueba Tecnica Intecol\Prueba 1\Propano\image(220).bmp,1475.4465,
C:\Users\Sazun\OneDrive\Escritorio\Prueba Tecnica Intecol\Prueba 1\Propano\image(221).bmp,1482.57985,
C:\Users\Sazun\OneDrive\Escritorio\Prueba Tecnica Intecol\Prueba 1\Propano\image(222).bmp,1490.23,
C:\Users\Sazun\OneDrive\Escritorio\Prueba Tecnica Intecol\Prueba 1\Propano\image(223).bmp,1500.67605,
C:\Users\Sazun\OneDrive\Escritorio\Prueba Tecnica Intecol\Prueba 1\Propano\image(224).bmp,1504.193,
C:\Users\Sazun\OneDrive\Escritorio\Prueba Tecnica Intecol\Prueba 1\Propano\image(225).bmp,1510.28955,
C:\Users\Sazun\OneDrive\Escritorio\Prueba Tecnica Intecol\Prueba 1\Propano\image(226).bmp,1529.847,
C:\Users\Sazun\OneDrive\Escritorio\Prueba Tecnica Intecol\Prueba 1\Propano\image(227).bmp,1538.94525,
C:\Users\Sazun\OneDrive\Escritorio\Prueba Tecnica Intecol\Prueba 1\Propano\image(228).bmp,1543.3211,
C:\Users\Sazun\OneDrive\Escritorio\Prueba Tecnica Intecol\Prueba 1\Propano\image(229).bmp,1548.9189,
C:\Users\Sazun\OneDrive\Escritorio\Prueba Tecnica Intecol\Prueba 1\Propano\image(230).bmp,1561.4768,
C:\Users\Sazun\OneDrive\Escritorio\Prueba Tecnica Intecol\Prueba 1\Propano\image(231).bmp,1564.81435,
C:\Users\Sazun\OneDrive\Escritorio\Prueba Tecnica Intecol\Prueba 1\Propano\image(232).bmp,1576.3545,
C:\Users\Sazun\OneDrive\Escritorio\Prueba Tecnica Intecol\Prueba 1\Propano\image(233).bmp,1582.8798,
C:\Users\Sazun\OneDrive\Escritorio\Prueba Tecnica Intecol\Prueba 1\Propano\image(234).bmp,1584.8908,
C:\Users\Sazun\OneDrive\Escritorio\Prueba Tecnica Intecol\Prueba 1\Propano\image(235).bmp,1594.2198,
C:\Users\Sazun\OneDrive\Escritorio\Prueba Tecnica Intecol\Prueba 1\Propano\image(236).bmp,1601.9826,
C:\Users\Sazun\OneDrive\Escritorio\Prueba Tecnica Intecol\Prueba 1\Propano\image(237).bmp,1614.83275,
C:\Users\Sazun\OneDrive\Escritorio\Prueba Tecnica Intecol\Prueba 1\Propano\image(238).bmp,1616.8032,
C:\Users\Sazun\OneDrive\Escritorio\Prueba Tecnica Intecol\Prueba 1\Propano\image(239).bmp,1629.85445,
C:\Users\Sazun\OneDrive\Escritorio\Prueba Tecnica Intecol\Prueba 1\Propano\image(240).bmp,1637.943,
C:\Users\Sazun\OneDrive\Escritorio\Prueba Tecnica Intecol\Prueba 1\Propano\image(241).bmp,1643.73735,
C:\Users\Sazun\OneDrive\Escritorio\Prueba Tecnica Intecol\Prueba 1\Propano\image(242).bmp,1647.283,
C:\Users\Sazun\OneDrive\Escritorio\Prueba Tecnica Intecol\Prueba 1\Propano\image(243).bmp,1660.07465,
C:\Users\Sazun\OneDrive\Escritorio\Prueba Tecnica Intecol\Prueba 1\Propano\image(244).bmp,1661.6589,
C:\Users\Sazun\OneDrive\Escritorio\Prueba Tecnica Intecol\Prueba 1\Propano\image(245).bmp,1673.73765,
C:\Users\Sazun\OneDrive\Escritorio\Prueba Tecnica Intecol\Prueba 1\Propano\image(246).bmp,1679.5184,
C:\Users\Sazun\OneDrive\Escritorio\Prueba Tecnica Intecol\Prueba 1\Propano\image(247).bmp,1685.41875,
C:\Users\Sazun\OneDrive\Escritorio\Prueba Tecnica Intecol\Prueba 1\Propano\image(248).bmp,1692.7061,
C:\Users\Sazun\OneDrive\Escritorio\Prueba Tecnica Intecol\Prueba 1\Propano\image(249).bmp,1704.80405,
C:\Users\Sazun\OneDrive\Escritorio\Prueba Tecnica Intecol\Prueba 1\Propano\image(250).bmp,1706.8308,
C:\Users\Sazun\OneDrive\Escritorio\Prueba Tecnica Intecol\Prueba 1\Propano\image(251).bmp,1715.0268,
C:\Users\Sazun\OneDrive\Escritorio\Prueba Tecnica Intecol\Prueba 1\Propano\image(252).bmp,1716.283,
C:\Users\Sazun\OneDrive\Escritorio\Prueba Tecnica Intecol\Prueba 1\Propano\image(253).bmp,1729.6818,
C:\Users\Sazun\OneDrive\Escritorio\Prueba Tecnica Intecol\Prueba 1\Propano\image(254).bmp,1741.4152,
C:\Users\Sazun\OneDrive\Escritorio\Prueba Tecnica Intecol\Prueba 1\Propano\image(255).bmp,1743.8885,
C:\Users\Sazun\OneDrive\Escritorio\Prueba Tecnica Intecol\Prueba 1\Propano\image(256).bmp,1758.1824,
C:\Users\Sazun\OneDrive\Escritorio\Prueba Tecnica Intecol\Prueba 1\Propano\image(257).bmp,1765.0615,
C:\Users\Sazun\OneDrive\Escritorio\Prueba Tecnica Intecol\Prueba 1\Propano\image(258).bmp,1772.9618,
C:\Users\Sazun\OneDrive\Escritorio\Prueba Tecnica Intecol\Prueba 1\Propano\image(259).bmp,1768.81395,
C:\Users\Sazun\OneDrive\Escritorio\Prueba Tecnica Intecol\Prueba 1\Propano\image(260).bmp,1782.7271,
C:\Users\Sazun\OneDrive\Escritorio\Prueba Tecnica Intecol\Prueba 1\Propano\image(261).bmp,1789.5125,
C:\Users\Sazun\OneDrive\Escritorio\Prueba Tecnica Intecol\Prueba 1\Propano\image(262).bmp,1796.724,
C:\Users\Sazun\OneDrive\Escritorio\Prueba Tecnica Intecol\Prueba 1\Propano\image(263).bmp,1801.94495,
C:\Users\Sazun\OneDrive\Escritorio\Prueba Tecnica Intecol\Prueba 1\Propano\image(264).bmp,1812.4469,
C:\Users\Sazun\OneDrive\Escritorio\Prueba Tecnica Intecol\Prueba 1\Propano\image(265).bmp,1819.79055,
C:\Users\Sazun\OneDrive\Escritorio\Prueba Tecnica Intecol\Prueba 1\Propano\image(266).bmp,1833.9284,
C:\Users\Sazun\OneDrive\Escritorio\Prueba Tecnica Intecol\Prueba 1\Propano\image(267).bmp,1839.59475,
C:\Users\Sazun\OneDrive\Escritorio\Prueba Tecnica Intecol\Prueba 1\Propano\image(268).bmp,1842.1587,
C:\Users\Sazun\OneDrive\Escritorio\Prueba Tecnica Intecol\Prueba 1\Propano\image(269).bmp,1849.8324,
C:\Users\Sazun\OneDrive\Escritorio\Prueba Tecnica Intecol\Prueba 1\Propano\image(270).bmp,1856.9496,
C:\Users\Sazun\OneDrive\Escritorio\Prueba Tecnica Intecol\Prueba 1\Propano\image(271).bmp,1863.4413,
C:\Users\Sazun\OneDrive\Escritorio\Prueba Tecnica Intecol\Prueba 1\Propano\image(272).bmp,1875.05,
C:\Users\Sazun\OneDrive\Escritorio\Prueba Tecnica Intecol\Prueba 1\Propano\image(273).bmp,1884.7088,
C:\Users\Sazun\OneDrive\Escritorio\Prueba Tecnica Intecol\Prueba 1\Propano\image(274).bmp,1887.2028,
C:\Users\Sazun\OneDrive\Escritorio\Prueba Tecnica Intecol\Prueba 1\Propano\image(275).bmp,1889.23955,
C:\Users\Sazun\OneDrive\Escritorio\Prueba Tecnica Intecol\Prueba 1\Propano\image(276).bmp,1901.698,
C:\Users\Sazun\OneDrive\Escritorio\Prueba Tecnica Intecol\Prueba 1\Propano\image(277).bmp,1907.451,
C:\Users\Sazun\OneDrive\Escritorio\Prueba Tecnica Intecol\Prueba 1\Propano\image(278).bmp,1914.9184,
C:\Users\Sazun\OneDrive\Escritorio\Prueba Tecnica Intecol\Prueba 1\Propano\image(279).bmp,1928.2453,
C:\Users\Sazun\OneDrive\Escritorio\Prueba Tecnica Intecol\Prueba 1\Propano\image(280).bmp,1928.8209,
C:\Users\Sazun\OneDrive\Escritorio\Prueba Tecnica Intecol\Prueba 1\Propano\image(281).bmp,1930.4306,
C:\Users\Sazun\OneDrive\Escritorio\Prueba Tecnica Intecol\Prueba 1\Propano\image(282).bmp,1946.1,
C:\Users\Sazun\OneDrive\Escritorio\Prueba Tecnica Intecol\Prueba 1\Propano\image(283).bmp,1952.44965,
C:\Users\Sazun\OneDrive\Escritorio\Prueba Tecnica Intecol\Prueba 1\Propano\image(284).bmp,1944.9701,
C:\Users\Sazun\OneDrive\Escritorio\Prueba Tecnica Intecol\Prueba 1\Propano\image(285).bmp,1969.344,
C:\Users\Sazun\OneDrive\Escritorio\Prueba Tecnica Intecol\Prueba 1\Propano\image(286).bmp,1974.2184,
C:\Users\Sazun\OneDrive\Escritorio\Prueba Tecnica Intecol\Prueba 1\Propano\image(287).bmp,1983.37925,
C:\Users\Sazun\OneDrive\Escritorio\Prueba Tecnica Intecol\Prueba 1\Propano\image(288).bmp,1991.7149,
C:\Users\Sazun\OneDrive\Escritorio\Prueba Tecnica Intecol\Prueba 1\Propano\image(289).bmp,1999.2159,
C:\Users\Sazun\OneDrive\Escritorio\Prueba Tecnica Intecol\Prueba 1\Propano\image(290).bmp,2006.047,
C:\Users\Sazun\OneDrive\Escritorio\Prueba Tecnica Intecol\Prueba 1\Propano\image(291).bmp,2018.96605,
C:\Users\Sazun\OneDrive\Escritorio\Prueba Tecnica Intecol\Prueba 1\Propano\image(292).bmp,2020.248,
C:\Users\Sazun\OneDrive\Escritorio\Prueba Tecnica Intecol\Prueba 1\Propano\image(293).bmp,2028.80085,
C:\Users\Sazun\OneDrive\Escritorio\Prueba Tecnica Intecol\Prueba 1\Propano\image(294).bmp,2037.3888,
C:\Users\Sazun\OneDrive\Escritorio\Prueba Tecnica Intecol\Prueba 1\Propano\image(295).bmp,2047.8822,
C:\Users\Sazun\OneDrive\Escritorio\Prueba Tecnica Intecol\Prueba 1\Propano\image(296).bmp,2048.8076,
C:\Users\Sazun\OneDrive\Escritorio\Prueba Tecnica Intecol\Prueba 1\Propano\image(297).bmp,2057.92125,
C:\Users\Sazun\OneDrive\Escritorio\Prueba Tecnica Intecol\Prueba 1\Propano\image(298).bmp,2066.9502,
C:\Users\Sazun\OneDrive\Escritorio\Prueba Tecnica Intecol\Prueba 1\Propano\image(299).bmp,2071.9323,
C:\Users\Sazun\OneDrive\Escritorio\Prueba Tecnica Intecol\Prueba 1\Propano\image(300).bmp,2090.3515,
C:\Users\Sazun\OneDrive\Escritorio\Prueba Tecnica Intecol\Prueba 1\Propano\image(301).bmp,2086.641,
C:\Users\Sazun\OneDrive\Escritorio\Prueba Tecnica Intecol\Prueba 1\Propano\image(302).bmp,2093.518,
C:\Users\Sazun\OneDrive\Escritorio\Prueba Tecnica Intecol\Prueba 1\Propano\image(303).bmp,2112.09435,
C:\Users\Sazun\OneDrive\Escritorio\Prueba Tecnica Intecol\Prueba 1\Propano\image(304).bmp,2110.206,
C:\Users\Sazun\OneDrive\Escritorio\Prueba Tecnica Intecol\Prueba 1\Propano\image(305).bmp,2120.4624,
C:\Users\Sazun\OneDrive\Escritorio\Prueba Tecnica Intecol\Prueba 1\Propano\image(306).bmp,2127.5576,
C:\Users\Sazun\OneDrive\Escritorio\Prueba Tecnica Intecol\Prueba 1\Propano\image(307).bmp,2141.4615,
C:\Users\Sazun\OneDrive\Escritorio\Prueba Tecnica Intecol\Prueba 1\Propano\image(308).bmp,2143.0838,
C:\Users\Sazun\OneDrive\Escritorio\Prueba Tecnica Intecol\Prueba 1\Propano\image(309).bmp,2157.22115,
C:\Users\Sazun\OneDrive\Escritorio\Prueba Tecnica Intecol\Prueba 1\Propano\image(310).bmp,2162.6208,
C:\Users\Sazun\OneDrive\Escritorio\Prueba Tecnica Intecol\Prueba 1\Propano\image(311).bmp,2165.57815,
C:\Users\Sazun\OneDrive\Escritorio\Prueba Tecnica Intecol\Prueba 1\Propano\image(312).bmp,2160.5725,
C:\Users\Sazun\OneDrive\Escritorio\Prueba Tecnica Intecol\Prueba 1\Propano\image(313).bmp,2177.8149,
C:\Users\Sazun\OneDrive\Escritorio\Prueba Tecnica Intecol\Prueba 1\Propano\image(314).bmp,2192.3506,
C:\Users\Sazun\OneDrive\Escritorio\Prueba Tecnica Intecol\Prueba 1\Propano\image(315).bmp,2202.1001,
C:\Users\Sazun\OneDrive\Escritorio\Prueba Tecnica Intecol\Prueba 1\Propano\image(316).bmp,2202.1776,
C:\Users\Sazun\OneDrive\Escritorio\Prueba Tecnica Intecol\Prueba 1\Propano\image(317).bmp,2213.84225,
C:\Users\Sazun\OneDrive\Escritorio\Prueba Tecnica Intecol\Prueba 1\Propano\image(318).bmp,2203.6608,
C:\Users\Sazun\OneDrive\Escritorio\Prueba Tecnica Intecol\Prueba 1\Propano\image(319).bmp,2220.50565,
C:\Users\Sazun\OneDrive\Escritorio\Prueba Tecnica Intecol\Prueba 1\Propano\image(320).bmp,2239.5445,
C:\Users\Sazun\OneDrive\Escritorio\Prueba Tecnica Intecol\Prueba 1\Propano\image(321).bmp,2236.4004,
C:\Users\Sazun\OneDrive\Escritorio\Prueba Tecnica Intecol\Prueba 1\Propano\image(322).bmp,2253.87,
C:\Users\Sazun\OneDrive\Escritorio\Prueba Tecnica Intecol\Prueba 1\Propano\image(323).bmp,2252.985,
C:\Users\Sazun\OneDrive\Escritorio\Prueba Tecnica Intecol\Prueba 1\Propano\image(324).bmp,2265.2265,
C:\Users\Sazun\OneDrive\Escritorio\Prueba Tecnica Intecol\Prueba 1\Propano\image(325).bmp,2271.5607,
C:\Users\Sazun\OneDrive\Escritorio\Prueba Tecnica Intecol\Prueba 1\Propano\image(326).bmp,2283.4048,
C:\Users\Sazun\OneDrive\Escritorio\Prueba Tecnica Intecol\Prueba 1\Propano\image(327).bmp,2289.94,
C:\Users\Sazun\OneDrive\Escritorio\Prueba Tecnica Intecol\Prueba 1\Propano\image(328).bmp,2299.7583,
C:\Users\Sazun\OneDrive\Escritorio\Prueba Tecnica Intecol\Prueba 1\Propano\image(329).bmp,2306.491,
C:\Users\Sazun\OneDrive\Escritorio\Prueba Tecnica Intecol\Prueba 1\Propano\image(330).bmp,2313.9732,
C:\Users\Sazun\OneDrive\Escritorio\Prueba Tecnica Intecol\Prueba 1\Propano\image(331).bmp,2318.6124,
C:\Users\Sazun\OneDrive\Escritorio\Prueba Tecnica Intecol\Prueba 1\Propano\image(332).bmp,2325.9455,
C:\Users\Sazun\OneDrive\Escritorio\Prueba Tecnica Intecol\Prueba 1\Propano\image(333).bmp,2336.8229,
C:\Users\Sazun\OneDrive\Escritorio\Prueba Tecnica Intecol\Prueba 1\Propano\image(334).bmp,2345.8968,
C:\Users\Sazun\OneDrive\Escritorio\Prueba Tecnica Intecol\Prueba 1\Propano\image(335).bmp,2344.32305,
C:\Users\Sazun\OneDrive\Escritorio\Prueba Tecnica Intecol\Prueba 1\Propano\image(336).bmp,2357.512,
C:\Users\Sazun\OneDrive\Escritorio\Prueba Tecnica Intecol\Prueba 1\Propano\image(337).bmp,2365.22475,
C:\Users\Sazun\OneDrive\Escritorio\Prueba Tecnica Intecol\Prueba 1\Propano\image(338).bmp,2372.607,
C:\Users\Sazun\OneDrive\Escritorio\Prueba Tecnica Intecol\Prueba 1\Propano\image(339).bmp,2381.8429,
C:\Users\Sazun\OneDrive\Escritorio\Prueba Tecnica Intecol\Prueba 1\Propano\image(340).bmp,2386.8126,
C:\Users\Sazun\OneDrive\Escritorio\Prueba Tecnica Intecol\Prueba 1\Propano\image(341).bmp,2378.3045,
C:\Users\Sazun\OneDrive\Escritorio\Prueba Tecnica Intecol\Prueba 1\Propano\image(342).bmp,2399.376,
C:\Users\Sazun\OneDrive\Escritorio\Prueba Tecnica Intecol\Prueba 1\Propano\image(343).bmp,2412.7644,
C:\Users\Sazun\OneDrive\Escritorio\Prueba Tecnica Intecol\Prueba 1\Propano\image(344).bmp,2417.2218,
C:\Users\Sazun\OneDrive\Escritorio\Prueba Tecnica Intecol\Prueba 1\Propano\image(345).bmp,2425.3747,
C:\Users\Sazun\OneDrive\Escritorio\Prueba Tecnica Intecol\Prueba 1\Propano\image(346).bmp,2431.377,
C:\Users\Sazun\OneDrive\Escritorio\Prueba Tecnica Intecol\Prueba 1\Propano\image(347).bmp,2432.44625,
C:\Users\Sazun\OneDrive\Escritorio\Prueba Tecnica Intecol\Prueba 1\Propano\image(348).bmp,2439.458,
C:\Users\Sazun\OneDrive\Escritorio\Prueba Tecnica Intecol\Prueba 1\Propano\image(349).bmp,2449.70415,
C:\Users\Sazun\OneDrive\Escritorio\Prueba Tecnica Intecol\Prueba 1\Propano\image(350).bmp,2457.54,
C:\Users\Sazun\OneDrive\Escritorio\Prueba Tecnica Intecol\Prueba 1\Propano\image(351).bmp,2466.0853,
C:\Users\Sazun\OneDrive\Escritorio\Prueba Tecnica Intecol\Prueba 1\Propano\image(352).bmp,2471.832,
C:\Users\Sazun\OneDrive\Escritorio\Prueba Tecnica Intecol\Prueba 1\Propano\image(353).bmp,2470.43505,
C:\Users\Sazun\OneDrive\Escritorio\Prueba Tecnica Intecol\Prueba 1\Propano\image(354).bmp,2487.7756,
C:\Users\Sazun\OneDrive\Escritorio\Prueba Tecnica Intecol\Prueba 1\Propano\image(355).bmp,2483.53065,
C:\Users\Sazun\OneDrive\Escritorio\Prueba Tecnica Intecol\Prueba 1\Propano\image(356).bmp,2502.5952,
C:\Users\Sazun\OneDrive\Escritorio\Prueba Tecnica Intecol\Prueba 1\Propano\image(357).bmp,2518.4295,
C:\Users\Sazun\OneDrive\Escritorio\Prueba Tecnica Intecol\Prueba 1\Propano\image(358).bmp,2501.5536,
C:\Users\Sazun\OneDrive\Escritorio\Prueba Tecnica Intecol\Prueba 1\Propano\image(359).bmp,2531.5777,
C:\Users\Sazun\OneDrive\Escritorio\Prueba Tecnica Intecol\Prueba 1\Propano\image(360).bmp,2537.0449,
C:\Users\Sazun\OneDrive\Escritorio\Prueba Tecnica Intecol\Prueba 1\Propano\image(361).bmp,2541.02535,
C:\Users\Sazun\OneDrive\Escritorio\Prueba Tecnica Intecol\Prueba 1\Propano\image(362).bmp,2554.539,
C:\Users\Sazun\OneDrive\Escritorio\Prueba Tecnica Intecol\Prueba 1\Propano\image(363).bmp,2557.4659,
C:\Users\Sazun\OneDrive\Escritorio\Prueba Tecnica Intecol\Prueba 1\Propano\image(364).bmp,2568.0438,
C:\Users\Sazun\OneDrive\Escritorio\Prueba Tecnica Intecol\Prueba 1\Propano\image(365).bmp,2568.1782,
C:\Users\Sazun\OneDrive\Escritorio\Prueba Tecnica Intecol\Prueba 1\Propano\image(366).bmp,2575.2872,
C:\Users\Sazun\OneDrive\Escritorio\Prueba Tecnica Intecol\Prueba 1\Propano\image(367).bmp,2592.34725,
C:\Users\Sazun\OneDrive\Escritorio\Prueba Tecnica Intecol\Prueba 1\Propano\image(368).bmp,2588.8239,
C:\Users\Sazun\OneDrive\Escritorio\Prueba Tecnica Intecol\Prueba 1\Propano\image(369).bmp,2597.13885,
C:\Users\Sazun\OneDrive\Escritorio\Prueba Tecnica Intecol\Prueba 1\Propano\image(370).bmp,2605.998,
C:\Users\Sazun\OneDrive\Escritorio\Prueba Tecnica Intecol\Prueba 1\Propano\image(371).bmp,2614.3241,
C:\Users\Sazun\OneDrive\Escritorio\Prueba Tecnica Intecol\Prueba 1\Propano\image(372).bmp,2622.2175,
C:\Users\Sazun\OneDrive\Escritorio\Prueba Tecnica Intecol\Prueba 1\Propano\image(373).bmp,2625.32205,
C:\Users\Sazun\OneDrive\Escritorio\Prueba Tecnica Intecol\Prueba 1\Propano\image(374).bmp,2636.4096,
C:\Users\Sazun\OneDrive\Escritorio\Prueba Tecnica Intecol\Prueba 1\Propano\image(375).bmp,2643.264,
C:\Users\Sazun\OneDrive\Escritorio\Prueba Tecnica Intecol\Prueba 1\Propano\image(376).bmp,2660.1153,
C:\Users\Sazun\OneDrive\Escritorio\Prueba Tecnica Intecol\Prueba 1\Propano\image(377).bmp,2658.453,
C:\Users\Sazun\OneDrive\Escritorio\Prueba Tecnica Intecol\Prueba 1\Propano\image(378).bmp,2667.0986,
C:\Users\Sazun\OneDrive\Escritorio\Prueba Tecnica Intecol\Prueba 1\Propano\image(379).bmp,2675.0724,
C:\Users\Sazun\OneDrive\Escritorio\Prueba Tecnica Intecol\Prueba 1\Propano\image(380).bmp,2690.4416,
C:\Users\Sazun\OneDrive\Escritorio\Prueba Tecnica Intecol\Prueba 1\Propano\image(381).bmp,2698.2799,
C:\Users\Sazun\OneDrive\Escritorio\Prueba Tecnica Intecol\Prueba 1\Propano\image(382).bmp,2697.012,
C:\Users\Sazun\OneDrive\Escritorio\Prueba Tecnica Intecol\Prueba 1\Propano\image(383).bmp,2706.8502,
C:\Users\Sazun\OneDrive\Escritorio\Prueba Tecnica Intecol\Prueba 1\Propano\image(384).bmp,2712.5927,
C:\Users\Sazun\OneDrive\Escritorio\Prueba Tecnica Intecol\Prueba 1\Propano\image(385).bmp,2730.849,
C:\Users\Sazun\OneDrive\Escritorio\Prueba Tecnica Intecol\Prueba 1\Propano\image(386).bmp,2729.5086,
C:\Users\Sazun\OneDrive\Escritorio\Prueba Tecnica Intecol\Prueba 1\Propano\image(387).bmp,2737.135,
C:\Users\Sazun\OneDrive\Escritorio\Prueba Tecnica Intecol\Prueba 1\Propano\image(388).bmp,2744.7072,
C:\Users\Sazun\OneDrive\Escritorio\Prueba Tecnica Intecol\Prueba 1\Propano\image(389).bmp,2755.60115,
C:\Users\Sazun\OneDrive\Escritorio\Prueba Tecnica Intecol\Prueba 1\Propano\image(390).bmp,2758.5832,
C:\Users\Sazun\OneDrive\Escritorio\Prueba Tecnica Intecol\Prueba 1\Propano\image(391).bmp,2773.64385,
C:\Users\Sazun\OneDrive\Escritorio\Prueba Tecnica Intecol\Prueba 1\Propano\image(392).bmp,2771.6145,
C:\Users\Sazun\OneDrive\Escritorio\Prueba Tecnica Intecol\Prueba 1\Propano\image(393).bmp,2790.86605,
C:\Users\Sazun\OneDrive\Escritorio\Prueba Tecnica Intecol\Prueba 1\Propano\image(394).bmp,2788.1958,
C:\Users\Sazun\OneDrive\Escritorio\Prueba Tecnica Intecol\Prueba 1\Propano\image(395).bmp,2803.1323,
C:\Users\Sazun\OneDrive\Escritorio\Prueba Tecnica Intecol\Prueba 1\Propano\image(396).bmp,2807.7863,
C:\Users\Sazun\OneDrive\Escritorio\Prueba Tecnica Intecol\Prueba 1\Propano\image(397).bmp,2819.7375,
C:\Users\Sazun\OneDrive\Escritorio\Prueba Tecnica Intecol\Prueba 1\Propano\image(398).bmp,2819.3796,
C:\Users\Sazun\OneDrive\Escritorio\Prueba Tecnica Intecol\Prueba 1\Propano\image(399).bmp,2824.72905,
C:\Users\Sazun\OneDrive\Escritorio\Prueba Tecnica Intecol\Prueba 1\Propano\image(400).bmp,2841.6906,
C:\Users\Sazun\OneDrive\Escritorio\Prueba Tecnica Intecol\Prueba 1\Propano\image(401).bmp,2839.089,
C:\Users\Sazun\OneDrive\Escritorio\Prueba Tecnica Intecol\Prueba 1\Propano\image(402).bmp,2850.361,
C:\Users\Sazun\OneDrive\Escritorio\Prueba Tecnica Intecol\Prueba 1\Propano\image(403).bmp,2864.8152,
C:\Users\Sazun\OneDrive\Escritorio\Prueba Tecnica Intecol\Prueba 1\Propano\image(404).bmp,2869.6604,
C:\Users\Sazun\OneDrive\Escritorio\Prueba Tecnica Intecol\Prueba 1\Propano\image(405).bmp,2868.22955,
C:\Users\Sazun\OneDrive\Escritorio\Prueba Tecnica Intecol\Prueba 1\Propano\image(406).bmp,2880.4608,
C:\Users\Sazun\OneDrive\Escritorio\Prueba Tecnica Intecol\Prueba 1\Propano\image(407).bmp,2894.21825,
C:\Users\Sazun\OneDrive\Escritorio\Prueba Tecnica Intecol\Prueba 1\Propano\image(408).bmp,2900.8672,
C:\Users\Sazun\OneDrive\Escritorio\Prueba Tecnica Intecol\Prueba 1\Propano\image(409).bmp,2909.64015,
C:\Users\Sazun\OneDrive\Escritorio\Prueba Tecnica Intecol\Prueba 1\Propano\image(410).bmp,2914.1322,
C:\Users\Sazun\OneDrive\Escritorio\Prueba Tecnica Intecol\Prueba 1\Propano\image(411).bmp,2914.48525,
C:\Users\Sazun\OneDrive\Escritorio\Prueba Tecnica Intecol\Prueba 1\Propano\image(412).bmp,2923.2645,
C:\Users\Sazun\OneDrive\Escritorio\Prueba Tecnica Intecol\Prueba 1\Propano\image(413).bmp,2925.79435,
C:\Users\Sazun\OneDrive\Escritorio\Prueba Tecnica Intecol\Prueba 1\Propano\image(414).bmp,2937.648,
C:\Users\Sazun\OneDrive\Escritorio\Prueba Tecnica Intecol\Prueba 1\Propano\image(415).bmp,2940.3081,
C:\Users\Sazun\OneDrive\Escritorio\Prueba Tecnica Intecol\Prueba 1\Propano\image(416).bmp,2941.604,
C:\Users\Sazun\OneDrive\Escritorio\Prueba Tecnica Intecol\Prueba 1\Propano\image(417).bmp,2968.76075,
C:\Users\Sazun\OneDrive\Escritorio\Prueba Tecnica Intecol\Prueba 1\Propano\image(418).bmp,2965.0104,
C:\Users\Sazun\OneDrive\Escritorio\Prueba Tecnica Intecol\Prueba 1\Propano\image(419).bmp,2970.9495,
C:\Users\Sazun\OneDrive\Escritorio\Prueba Tecnica Intecol\Prueba 1\Propano\image(420).bmp,2986.3532,
C:\Users\Sazun\OneDrive\Escritorio\Prueba Tecnica Intecol\Prueba 1\Propano\image(421).bmp,2989.0686,
C:\Users\Sazun\OneDrive\Escritorio\Prueba Tecnica Intecol\Prueba 1\Propano\image(422).bmp,2998.92,
C:\Users\Sazun\OneDrive\Escritorio\Prueba Tecnica Intecol\Prueba 1\Propano\image(423).bmp,2990.5377,
C:\Users\Sazun\OneDrive\Escritorio\Prueba Tecnica Intecol\Prueba 1\Propano\image(424).bmp,3009.2313,
C:\Users\Sazun\OneDrive\Escritorio\Prueba Tecnica Intecol\Prueba 1\Propano\image(425).bmp,3009.78535,
C:\Users\Sazun\OneDrive\Escritorio\Prueba Tecnica Intecol\Prueba 1\Propano\image(426).bmp,3022.3442,
C:\Users\Sazun\OneDrive\Escritorio\Prueba Tecnica Intecol\Prueba 1\Propano\image(427).bmp,3015.1845,
C:\Users\Sazun\OneDrive\Escritorio\Prueba Tecnica Intecol\Prueba 1\Propano\image(428).bmp,3025.7962,
C:\Users\Sazun\OneDrive\Escritorio\Prueba Tecnica Intecol\Prueba 1\Propano\image(429).bmp,3056.02055,
C:\Users\Sazun\OneDrive\Escritorio\Prueba Tecnica Intecol\Prueba 1\Propano\image(430).bmp,3038.1108,
C:\Users\Sazun\OneDrive\Escritorio\Prueba Tecnica Intecol\Prueba 1\Propano\image(431).bmp,3043.6962,
C:\Users\Sazun\OneDrive\Escritorio\Prueba Tecnica Intecol\Prueba 1\Propano\image(432).bmp,3065.57,
C:\Users\Sazun\OneDrive\Escritorio\Prueba Tecnica Intecol\Prueba 1\Propano\image(433).bmp,3075.6363,
C:\Users\Sazun\OneDrive\Escritorio\Prueba Tecnica Intecol\Prueba 1\Propano\image(434).bmp,3057.7404,
C:\Users\Sazun\OneDrive\Escritorio\Prueba Tecnica Intecol\Prueba 1\Propano\image(435).bmp,3079.8649,
C:\Users\Sazun\OneDrive\Escritorio\Prueba Tecnica Intecol\Prueba 1\Propano\image(436).bmp,3101.1705,
C:\Users\Sazun\OneDrive\Escritorio\Prueba Tecnica Intecol\Prueba 1\Propano\image(437).bmp,3115.34275,
C:\Users\Sazun\OneDrive\Escritorio\Prueba Tecnica Intecol\Prueba 1\Propano\image(438).bmp,3123.3904,
C:\Users\Sazun\OneDrive\Escritorio\Prueba Tecnica Intecol\Prueba 1\Propano\image(439).bmp,3131.60745,
C:\Users\Sazun\OneDrive\Escritorio\Prueba Tecnica Intecol\Prueba 1\Propano\image(440).bmp,3139.9533,
C:\Users\Sazun\OneDrive\Escritorio\Prueba Tecnica Intecol\Prueba 1\Propano\image(441).bmp,3143.19135,
C:\Users\Sazun\OneDrive\Escritorio\Prueba Tecnica Intecol\Prueba 1\Propano\image(442).bmp,3153.927,
C:\Users\Sazun\OneDrive\Escritorio\Prueba Tecnica Intecol\Prueba 1\Propano\image(443).bmp,3147.79595,
C:\Users\Sazun\OneDrive\Escritorio\Prueba Tecnica Intecol\Prueba 1\Propano\image(444).bmp,3159.4718,
C:\Users\Sazun\OneDrive\Escritorio\Prueba Tecnica Intecol\Prueba 1\Propano\image(445).bmp,3152.89395,
C:\Users\Sazun\OneDrive\Escritorio\Prueba Tecnica Intecol\Prueba 1\Propano\image(446).bmp,3159.542,
C:\Users\Sazun\OneDrive\Escritorio\Prueba Tecnica Intecol\Prueba 1\Propano\image(447).bmp,3166.69625,
C:\Users\Sazun\OneDrive\Escritorio\Prueba Tecnica Intecol\Prueba 1\Propano\image(448).bmp,3160.5153,
C:\Users\Sazun\OneDrive\Escritorio\Prueba Tecnica Intecol\Prueba 1\Propano\image(449).bmp,3195.4972,
C:\Users\Sazun\OneDrive\Escritorio\Prueba Tecnica Intecol\Prueba 1\Propano\image(450).bmp,3201.8894,
C:\Users\Sazun\OneDrive\Escritorio\Prueba Tecnica Intecol\Prueba 1\Propano\image(451).bmp,3213.53175,
C:\Users\Sazun\OneDrive\Escritorio\Prueba Tecnica Intecol\Prueba 1\Propano\image(452).bmp,3219.41,
C:\Users\Sazun\OneDrive\Escritorio\Prueba Tecnica Intecol\Prueba 1\Propano\image(453).bmp,3238.2754,
C:\Users\Sazun\OneDrive\Escritorio\Prueba Tecnica Intecol\Prueba 1\Propano\image(454).bmp,3239.8488,
C:\Users\Sazun\OneDrive\Escritorio\Prueba Tecnica Intecol\Prueba 1\Propano\image(455).bmp,3249.29695,
C:\Users\Sazun\OneDrive\Escritorio\Prueba Tecnica Intecol\Prueba 1\Propano\image(456).bmp,3261.7053,
C:\Users\Sazun\OneDrive\Escritorio\Prueba Tecnica Intecol\Prueba 1\Propano\image(457).bmp,3264.3705,
C:\Users\Sazun\OneDrive\Escritorio\Prueba Tecnica Intecol\Prueba 1\Propano\image(458).bmp,3273.4662,
C:\Users\Sazun\OneDrive\Escritorio\Prueba Tecnica Intecol\Prueba 1\Propano\image(459).bmp,3269.00035,
C:\Users\Sazun\OneDrive\Escritorio\Prueba Tecnica Intecol\Prueba 1\Propano\image(460).bmp,3274.8603,
C:\Users\Sazun\OneDrive\Escritorio\Prueba Tecnica Intecol\Prueba 1\Propano\image(461).bmp,3285.62965,
C:\Users\Sazun\OneDrive\Escritorio\Prueba Tecnica Intecol\Prueba 1\Propano\image(462).bmp,3301.54,
C:\Users\Sazun\OneDrive\Escritorio\Prueba Tecnica Intecol\Prueba 1\Propano\image(463).bmp,3296.71755,
C:\Users\Sazun\OneDrive\Escritorio\Prueba Tecnica Intecol\Prueba 1\Propano\image(464).bmp,3304.5025,
C:\Users\Sazun\OneDrive\Escritorio\Prueba Tecnica Intecol\Prueba 1\Propano\image(465).bmp,3314.85825,
C:\Users\Sazun\OneDrive\Escritorio\Prueba Tecnica Intecol\Prueba 1\Propano\image(466).bmp,3317.4792,
C:\Users\Sazun\OneDrive\Escritorio\Prueba Tecnica Intecol\Prueba 1\Propano\image(467).bmp,3310.8445,
C:\Users\Sazun\OneDrive\Escritorio\Prueba Tecnica Intecol\Prueba 1\Propano\image(468).bmp,3353.6524,
C:\Users\Sazun\OneDrive\Escritorio\Prueba Tecnica Intecol\Prueba 1\Propano\image(469).bmp,3342.50955,
C:\Users\Sazun\OneDrive\Escritorio\Prueba Tecnica Intecol\Prueba 1\Propano\image(470).bmp,3354.288,
C:\Users\Sazun\OneDrive\Escritorio\Prueba Tecnica Intecol\Prueba 1\Propano\image(471).bmp,3337.34965,
C:\Users\Sazun\OneDrive\Escritorio\Prueba Tecnica Intecol\Prueba 1\Propano\image(472).bmp,3366.405,
C:\Users\Sazun\OneDrive\Escritorio\Prueba Tecnica Intecol\Prueba 1\Propano\image(473).bmp,3342.7669,
C:\Users\Sazun\OneDrive\Escritorio\Prueba Tecnica Intecol\Prueba 1\Propano\image(474).bmp,3360.168,
C:\Users\Sazun\OneDrive\Escritorio\Prueba Tecnica Intecol\Prueba 1\Propano\image(475).bmp,3365.4276,
C:\Users\Sazun\OneDrive\Escritorio\Prueba Tecnica Intecol\Prueba 1\Propano\image(476).bmp,3371.4494,
C:\Users\Sazun\OneDrive\Escritorio\Prueba Tecnica Intecol\Prueba 1\Propano\image(477).bmp,3422.783,
C:\Users\Sazun\OneDrive\Escritorio\Prueba Tecnica Intecol\Prueba 1\Propano\image(478).bmp,3390.0408,
C:\Users\Sazun\OneDrive\Escritorio\Prueba Tecnica Intecol\Prueba 1\Propano\image(479).bmp,3408.05465,
C:\Users\Sazun\OneDrive\Escritorio\Prueba Tecnica Intecol\Prueba 1\Propano\image(480).bmp,3427.7865,
C:\Users\Sazun\OneDrive\Escritorio\Prueba Tecnica Intecol\Prueba 1\Propano\image(481).bmp,3448.3293,
C:\Users\Sazun\OneDrive\Escritorio\Prueba Tecnica Intecol\Prueba 1\Propano\image(482).bmp,3444.733,
C:\Users\Sazun\OneDrive\Escritorio\Prueba Tecnica Intecol\Prueba 1\Propano\image(483).bmp,3422.0952,
C:\Users\Sazun\OneDrive\Escritorio\Prueba Tecnica Intecol\Prueba 1\Propano\image(484).bmp,3468.8808,
C:\Users\Sazun\OneDrive\Escritorio\Prueba Tecnica Intecol\Prueba 1\Propano\image(485).bmp,3455.39215,
C:\Users\Sazun\OneDrive\Escritorio\Prueba Tecnica Intecol\Prueba 1\Propano\image(486).bmp,3448.8424,
C:\Users\Sazun\OneDrive\Escritorio\Prueba Tecnica Intecol\Prueba 1\Propano\image(487).bmp,3487.3605,
C:\Users\Sazun\OneDrive\Escritorio\Prueba Tecnica Intecol\Prueba 1\Propano\image(488).bmp,3483.7228,
C:\Users\Sazun\OneDrive\Escritorio\Prueba Tecnica Intecol\Prueba 1\Propano\image(489).bmp,3493.60365,
C:\Users\Sazun\OneDrive\Escritorio\Prueba Tecnica Intecol\Prueba 1\Propano\image(490).bmp,3492.1224,
C:\Users\Sazun\OneDrive\Escritorio\Prueba Tecnica Intecol\Prueba 1\Propano\image(491).bmp,3519.77465,
C:\Users\Sazun\OneDrive\Escritorio\Prueba Tecnica Intecol\Prueba 1\Propano\image(492).bmp,3513.673,
C:\Users\Sazun\OneDrive\Escritorio\Prueba Tecnica Intecol\Prueba 1\Propano\image(493).bmp,3504.59325,
C:\Users\Sazun\OneDrive\Escritorio\Prueba Tecnica Intecol\Prueba 1\Propano\image(494).bmp,3524.3532,
C:\Users\Sazun\OneDrive\Escritorio\Prueba Tecnica Intecol\Prueba 1\Propano\image(495).bmp,3537.73255,
C:\Users\Sazun\OneDrive\Escritorio\Prueba Tecnica Intecol\Prueba 1\Propano\image(496).bmp,3518.1939,
C:\Users\Sazun\OneDrive\Escritorio\Prueba Tecnica Intecol\Prueba 1\Propano\image(497).bmp,3544.52125,
C:\Users\Sazun\OneDrive\Escritorio\Prueba Tecnica Intecol\Prueba 1\Propano\image(498).bmp,3548.5562,
C:\Users\Sazun\OneDrive\Escritorio\Prueba Tecnica Intecol\Prueba 1\Propano\image(499).bmp,3554.2224,
C:\Users\Sazun\OneDrive\Escritorio\Prueba Tecnica Intecol\Prueba 1\Propano\image(500).bmp,3564.924,
C:\Users\Sazun\OneDrive\Escritorio\Prueba Tecnica Intecol\Prueba 1\Propano\image(501).bmp,3584.0217,
C:\Users\Sazun\OneDrive\Escritorio\Prueba Tecnica Intecol\Prueba 1\Propano\image(502).bmp,3574.176,
C:\Users\Sazun\OneDrive\Escritorio\Prueba Tecnica Intecol\Prueba 1\Propano\image(503).bmp,3599.8521,
C:\Users\Sazun\OneDrive\Escritorio\Prueba Tecnica Intecol\Prueba 1\Propano\image(504).bmp,3611.4332,
C:\Users\Sazun\OneDrive\Escritorio\Prueba Tecnica Intecol\Prueba 1\Propano\image(505).bmp,3615.52065,
C:\Users\Sazun\OneDrive\Escritorio\Prueba Tecnica Intecol\Prueba 1\Propano\image(506).bmp,3603.501,
C:\Users\Sazun\OneDrive\Escritorio\Prueba Tecnica Intecol\Prueba 1\Propano\image(507).bmp,3633.78975,
C:\Users\Sazun\OneDrive\Escritorio\Prueba Tecnica Intecol\Prueba 1\Propano\image(508).bmp,3630.2499,
C:\Users\Sazun\OneDrive\Escritorio\Prueba Tecnica Intecol\Prueba 1\Propano\image(509).bmp,3646.82645,
C:\Users\Sazun\OneDrive\Escritorio\Prueba Tecnica Intecol\Prueba 1\Propano\image(510).bmp,3636.6492,
C:\Users\Sazun\OneDrive\Escritorio\Prueba Tecnica Intecol\Prueba 1\Propano\image(511).bmp,3652.0965,
C:\Users\Sazun\OneDrive\Escritorio\Prueba Tecnica Intecol\Prueba 1\Propano\image(512).bmp,3681.7865,
C:\Users\Sazun\OneDrive\Escritorio\Prueba Tecnica Intecol\Prueba 1\Propano\image(513).bmp,3664.99585,
C:\Users\Sazun\OneDrive\Escritorio\Prueba Tecnica Intecol\Prueba 1\Propano\image(514).bmp,3690.3198,
C:\Users\Sazun\OneDrive\Escritorio\Prueba Tecnica Intecol\Prueba 1\Propano\image(515).bmp,3687.22095,
C:\Users\Sazun\OneDrive\Escritorio\Prueba Tecnica Intecol\Prueba 1\Propano\image(516).bmp,3713.2251,
C:\Users\Sazun\OneDrive\Escritorio\Prueba Tecnica Intecol\Prueba 1\Propano\image(517).bmp,3719.5785,
C:\Users\Sazun\OneDrive\Escritorio\Prueba Tecnica Intecol\Prueba 1\Propano\image(518).bmp,3728.2832,
C:\Users\Sazun\OneDrive\Escritorio\Prueba Tecnica Intecol\Prueba 1\Propano\image(519).bmp,3736.943,
C:\Users\Sazun\OneDrive\Escritorio\Prueba Tecnica Intecol\Prueba 1\Propano\image(520).bmp,3743.1423,
C:\Users\Sazun\OneDrive\Escritorio\Prueba Tecnica Intecol\Prueba 1\Propano\image(521).bmp,3756.3223,
C:\Users\Sazun\OneDrive\Escritorio\Prueba Tecnica Intecol\Prueba 1\Propano\image(522).bmp,3764.2,
C:\Users\Sazun\OneDrive\Escritorio\Prueba Tecnica Intecol\Prueba 1\Propano\image(523).bmp,3765.9669,
C:\Users\Sazun\OneDrive\Escritorio\Prueba Tecnica Intecol\Prueba 1\Propano\image(524).bmp,3774.4376,
C:\Users\Sazun\OneDrive\Escritorio\Prueba Tecnica Intecol\Prueba 1\Propano\image(525).bmp,3770.81495,
C:\Users\Sazun\OneDrive\Escritorio\Prueba Tecnica Intecol\Prueba 1\Propano\image(526).bmp,3791.3652,
C:\Users\Sazun\OneDrive\Escritorio\Prueba Tecnica Intecol\Prueba 1\Propano\image(527).bmp,3795.8325,
C:\Users\Sazun\OneDrive\Escritorio\Prueba Tecnica Intecol\Prueba 1\Propano\image(528).bmp,3804.3863,
C:\Users\Sazun\OneDrive\Escritorio\Prueba Tecnica Intecol\Prueba 1\Propano\image(529).bmp,3799.7622,
C:\Users\Sazun\OneDrive\Escritorio\Prueba Tecnica Intecol\Prueba 1\Propano\image(530).bmp,3822.5476,
C:\Users\Sazun\OneDrive\Escritorio\Prueba Tecnica Intecol\Prueba 1\Propano\image(531).bmp,3814.7005,
C:\Users\Sazun\OneDrive\Escritorio\Prueba Tecnica Intecol\Prueba 1\Propano\image(532).bmp,3836.526,
C:\Users\Sazun\OneDrive\Escritorio\Prueba Tecnica Intecol\Prueba 1\Propano\image(533).bmp,3830.456,
C:\Users\Sazun\OneDrive\Escritorio\Prueba Tecnica Intecol\Prueba 1\Propano\image(534).bmp,3839.872,
C:\Users\Sazun\OneDrive\Escritorio\Prueba Tecnica Intecol\Prueba 1\Propano\image(535).bmp,3856.8366,
C:\Users\Sazun\OneDrive\Escritorio\Prueba Tecnica Intecol\Prueba 1\Propano\image(536).bmp,3862.2988,
C:\Users\Sazun\OneDrive\Escritorio\Prueba Tecnica Intecol\Prueba 1\Propano\image(537).bmp,3874.2935,
C:\Users\Sazun\OneDrive\Escritorio\Prueba Tecnica Intecol\Prueba 1\Propano\image(538).bmp,3880.4232,
C:\Users\Sazun\OneDrive\Escritorio\Prueba Tecnica Intecol\Prueba 1\Propano\image(539).bmp,3887.81415,
C:\Users\Sazun\OneDrive\Escritorio\Prueba Tecnica Intecol\Prueba 1\Propano\image(540).bmp,3892.4851,
C:\Users\Sazun\OneDrive\Escritorio\Prueba Tecnica Intecol\Prueba 1\Propano\image(541).bmp,3904.67055,
C:\Users\Sazun\OneDrive\Escritorio\Prueba Tecnica Intecol\Prueba 1\Propano\image(542).bmp,3913.312,
C:\Users\Sazun\OneDrive\Escritorio\Prueba Tecnica Intecol\Prueba 1\Propano\image(543).bmp,3919.14435,
C:\Users\Sazun\OneDrive\Escritorio\Prueba Tecnica Intecol\Prueba 1\Propano\image(544).bmp,3922.5429,
C:\Users\Sazun\OneDrive\Escritorio\Prueba Tecnica Intecol\Prueba 1\Propano\image(545).bmp,3928.0438,
C:\Users\Sazun\OneDrive\Escritorio\Prueba Tecnica Intecol\Prueba 1\Propano\image(546).bmp,3942.183,
C:\Users\Sazun\OneDrive\Escritorio\Prueba Tecnica Intecol\Prueba 1\Propano\image(547).bmp,3952.6725,
C:\Users\Sazun\OneDrive\Escritorio\Prueba Tecnica Intecol\Prueba 1\Propano\image(548).bmp,3932.5864,
C:\Users\Sazun\OneDrive\Escritorio\Prueba Tecnica Intecol\Prueba 1\Propano\image(549).bmp,3961.22185,
C:\Users\Sazun\OneDrive\Escritorio\Prueba Tecnica Intecol\Prueba 1\Propano\image(550).bmp,3965.1744,
C:\Users\Sazun\OneDrive\Escritorio\Prueba Tecnica Intecol\Prueba 1\Propano\image(551).bmp,3978.42385,
C:\Users\Sazun\OneDrive\Escritorio\Prueba Tecnica Intecol\Prueba 1\Propano\image(552).bmp,3982.5525,
C:\Users\Sazun\OneDrive\Escritorio\Prueba Tecnica Intecol\Prueba 1\Propano\image(553).bmp,3983.21685,
C:\Users\Sazun\OneDrive\Escritorio\Prueba Tecnica Intecol\Prueba 1\Propano\image(554).bmp,3999.1504,
C:\Users\Sazun\OneDrive\Escritorio\Prueba Tecnica Intecol\Prueba 1\Propano\image(555).bmp,4009.9722,
C:\Users\Sazun\OneDrive\Escritorio\Prueba Tecnica Intecol\Prueba 1\Propano\image(556).bmp,4018.6437,
C:\Users\Sazun\OneDrive\Escritorio\Prueba Tecnica Intecol\Prueba 1\Propano\image(557).bmp,4021.2205,
C:\Users\Sazun\OneDrive\Escritorio\Prueba Tecnica Intecol\Prueba 1\Propano\image(558).bmp,4029.4068,
C:\Users\Sazun\OneDrive\Escritorio\Prueba Tecnica Intecol\Prueba 1\Propano\image(559).bmp,4039.87785,
C:\Users\Sazun\OneDrive\Escritorio\Prueba Tecnica Intecol\Prueba 1\Propano\image(560).bmp,4045.2489,
C:\Users\Sazun\OneDrive\Escritorio\Prueba Tecnica Intecol\Prueba 1\Propano\image(561).bmp,4057.8076,
C:\Users\Sazun\OneDrive\Escritorio\Prueba Tecnica Intecol\Prueba 1\Propano\image(562).bmp,4060.719,
C:\Users\Sazun\OneDrive\Escritorio\Prueba Tecnica Intecol\Prueba 1\Propano\image(563).bmp,4064.0461,
C:\Users\Sazun\OneDrive\Escritorio\Prueba Tecnica Intecol\Prueba 1\Propano\image(564).bmp,4075.4335,
C:\Users\Sazun\OneDrive\Escritorio\Prueba Tecnica Intecol\Prueba 1\Propano\image(565).bmp,4082.3826,
C:\Users\Sazun\OneDrive\Escritorio\Prueba Tecnica Intecol\Prueba 1\Propano\image(566).bmp,4070.9152,
C:\Users\Sazun\OneDrive\Escritorio\Prueba Tecnica Intecol\Prueba 1\Propano\image(567).bmp,4094.39425,
C:\Users\Sazun\OneDrive\Escritorio\Prueba Tecnica Intecol\Prueba 1\Propano\image(568).bmp,4087.5744,
C:\Users\Sazun\OneDrive\Escritorio\Prueba Tecnica Intecol\Prueba 1\Propano\image(569).bmp,4113.5494,
C:\Users\Sazun\OneDrive\Escritorio\Prueba Tecnica Intecol\Prueba 1\Propano\image(570).bmp,4095.2314,
C:\Users\Sazun\OneDrive\Escritorio\Prueba Tecnica Intecol\Prueba 1\Propano\image(571).bmp,4127.4369,
C:\Users\Sazun\OneDrive\Escritorio\Prueba Tecnica Intecol\Prueba 1\Propano\image(572).bmp,4134.845,
C:\Users\Sazun\OneDrive\Escritorio\Prueba Tecnica Intecol\Prueba 1\Propano\image(573).bmp,4143.7404,
C:\Users\Sazun\OneDrive\Escritorio\Prueba Tecnica Intecol\Prueba 1\Propano\image(574).bmp,4135.2528,
C:\Users\Sazun\OneDrive\Escritorio\Prueba Tecnica Intecol\Prueba 1\Propano\image(575).bmp,4156.9563,
C:\Users\Sazun\OneDrive\Escritorio\Prueba Tecnica Intecol\Prueba 1\Propano\image(576).bmp,4135.9701,
C:\Users\Sazun\OneDrive\Escritorio\Prueba Tecnica Intecol\Prueba 1\Propano\image(577).bmp,4173.23925,
C:\Users\Sazun\OneDrive\Escritorio\Prueba Tecnica Intecol\Prueba 1\Propano\image(578).bmp,4130.0236,
,,
